{
  "rais": {
    "source": "rais",
    "total_rows": 5587,
    "total_columns": 28,
    "memory_usage_mb": 1.193511962890625,
    "column_info": {
      "unnamed_column": {
        "dtype": "String",
        "null_count": 5587,
        "null_percentage": 100.0,
        "unique_count": 1,
        "unique_percentage": 0.017898693395382137
      },
      "duplicated_0": {
        "dtype": "String",
        "null_count": 12,
        "null_percentage": 0.21478432074458564,
        "unique_count": 33,
        "unique_percentage": 0.5906568820476106
      },
      "duplicated_1": {
        "dtype": "String",
        "null_count": 15,
        "null_percentage": 0.26848040093073205,
        "unique_count": 5573,
        "unique_percentage": 99.74941829246465
      },
      "duplicated_2": {
        "dtype": "String",
        "null_count": 15,
        "null_percentage": 0.26848040093073205,
        "unique_count": 5300,
        "unique_percentage": 94.86307499552534
      },
      "duplicated_3": {
        "dtype": "String",
        "null_count": 14,
        "null_percentage": 0.2505817075353499,
        "unique_count": 1177,
        "unique_percentage": 21.066762126364775
      },
      "duplicated_4": {
        "dtype": "Float64",
        "null_count": 15,
        "null_percentage": 0.26848040093073205,
        "unique_count": 1190,
        "unique_percentage": 21.299445140504744
      },
      "duplicated_5": {
        "dtype": "String",
        "null_count": 15,
        "null_percentage": 0.26848040093073205,
        "unique_count": 361,
        "unique_percentage": 6.4614283157329515
      },
      "duplicated_6": {
        "dtype": "String",
        "null_count": 15,
        "null_percentage": 0.26848040093073205,
        "unique_count": 751,
        "unique_percentage": 13.441918739931985
      },
      "duplicated_7": {
        "dtype": "String",
        "null_count": 14,
        "null_percentage": 0.2505817075353499,
        "unique_count": 1869,
        "unique_percentage": 33.452657955969215
      },
      "duplicated_8": {
        "dtype": "Float64",
        "null_count": 15,
        "null_percentage": 0.26848040093073205,
        "unique_count": 1922,
        "unique_percentage": 34.401288705924465
      },
      "duplicated_9": {
        "dtype": "String",
        "null_count": 15,
        "null_percentage": 0.26848040093073205,
        "unique_count": 717,
        "unique_percentage": 12.833363164488992
      },
      "duplicated_10": {
        "dtype": "String",
        "null_count": 15,
        "null_percentage": 0.26848040093073205,
        "unique_count": 891,
        "unique_percentage": 15.947735815285485
      },
      "duplicated_11": {
        "dtype": "String",
        "null_count": 14,
        "null_percentage": 0.2505817075353499,
        "unique_count": 958,
        "unique_percentage": 17.14694827277609
      },
      "duplicated_12": {
        "dtype": "Float64",
        "null_count": 15,
        "null_percentage": 0.26848040093073205,
        "unique_count": 969,
        "unique_percentage": 17.34383390012529
      },
      "duplicated_13": {
        "dtype": "String",
        "null_count": 15,
        "null_percentage": 0.26848040093073205,
        "unique_count": 584,
        "unique_percentage": 10.452836942903168
      },
      "duplicated_14": {
        "dtype": "String",
        "null_count": 15,
        "null_percentage": 0.26848040093073205,
        "unique_count": 1480,
        "unique_percentage": 26.490066225165563
      },
      "duplicated_15": {
        "dtype": "String",
        "null_count": 14,
        "null_percentage": 0.2505817075353499,
        "unique_count": 1816,
        "unique_percentage": 32.504027206013966
      },
      "duplicated_16": {
        "dtype": "Float64",
        "null_count": 15,
        "null_percentage": 0.26848040093073205,
        "unique_count": 1863,
        "unique_percentage": 33.34526579559692
      },
      "duplicated_17": {
        "dtype": "String",
        "null_count": 15,
        "null_percentage": 0.26848040093073205,
        "unique_count": 575,
        "unique_percentage": 10.291748702344728
      },
      "duplicated_18": {
        "dtype": "String",
        "null_count": 15,
        "null_percentage": 0.26848040093073205,
        "unique_count": 667,
        "unique_percentage": 11.938428494719885
      },
      "duplicated_19": {
        "dtype": "String",
        "null_count": 14,
        "null_percentage": 0.2505817075353499,
        "unique_count": 1877,
        "unique_percentage": 33.59584750313227
      },
      "duplicated_20": {
        "dtype": "Float64",
        "null_count": 17,
        "null_percentage": 0.30427778772149633,
        "unique_count": 1909,
        "unique_percentage": 34.1686056917845
      },
      "duplicated_21": {
        "dtype": "String",
        "null_count": 15,
        "null_percentage": 0.26848040093073205,
        "unique_count": 843,
        "unique_percentage": 15.08859853230714
      },
      "duplicated_22": {
        "dtype": "String",
        "null_count": 15,
        "null_percentage": 0.26848040093073205,
        "unique_count": 892,
        "unique_percentage": 15.965634508680868
      },
      "duplicated_23": {
        "dtype": "String",
        "null_count": 14,
        "null_percentage": 0.2505817075353499,
        "unique_count": 3053,
        "unique_percentage": 54.64471093610166
      },
      "duplicated_24": {
        "dtype": "Float64",
        "null_count": 19,
        "null_percentage": 0.3400751745122606,
        "unique_count": 3075,
        "unique_percentage": 55.038482190800075
      },
      "duplicated_25": {
        "dtype": "String",
        "null_count": 15,
        "null_percentage": 0.26848040093073205,
        "unique_count": 1184,
        "unique_percentage": 21.192052980132452
      },
      "duplicated_26": {
        "dtype": "String",
        "null_count": 15,
        "null_percentage": 0.26848040093073205,
        "unique_count": 742,
        "unique_percentage": 13.280830499373547
      }
    },
    "quality_score": 74.30923828274821
  },
  "caged": {
    "source": "caged",
    "total_rows": 50,
    "total_columns": 2,
    "memory_usage_mb": 0.000762939453125,
    "column_info": {
      "unnamed_column": {
        "dtype": "String",
        "null_count": 43,
        "null_percentage": 86.0,
        "unique_count": 5,
        "unique_percentage": 10.0
      },
      "duplicated_0": {
        "dtype": "String",
        "null_count": 47,
        "null_percentage": 94.0,
        "unique_count": 4,
        "unique_percentage": 8.0
      }
    },
    "quality_score": 9.7
  },
  "pib": {
    "source": "pib",
    "total_rows": 6,
    "total_columns": 20,
    "memory_usage_mb": 0.00091552734375,
    "column_info": {
      "tabela_5938_produto_interno_bruto_a_precos_correntes_impostos_liquidos_de_subsidios_sobre_produtos_a_precos_correntes_e_valor_adicionado_bruto_a_precos_correntes_total_e_por_atividade_economica_e_respectivas_participacoes_referencia_2010": {
        "dtype": "String",
        "null_count": 0,
        "null_percentage": 0.0,
        "unique_count": 6,
        "unique_percentage": 100.0
      },
      "unnamed_column": {
        "dtype": "Int64",
        "null_count": 4,
        "null_percentage": 66.66666666666666,
        "unique_count": 3,
        "unique_percentage": 50.0
      },
      "duplicated_0": {
        "dtype": "Int64",
        "null_count": 4,
        "null_percentage": 66.66666666666666,
        "unique_count": 3,
        "unique_percentage": 50.0
      },
      "duplicated_1": {
        "dtype": "Int64",
        "null_count": 4,
        "null_percentage": 66.66666666666666,
        "unique_count": 3,
        "unique_percentage": 50.0
      },
      "duplicated_2": {
        "dtype": "Int64",
        "null_count": 4,
        "null_percentage": 66.66666666666666,
        "unique_count": 3,
        "unique_percentage": 50.0
      },